id;name;category;price;currencyId;available;url;picture;description
513;Суши Магуро;Суши;50;RUB;True;https://bushido66.ru/catalog/sushi/513/;https://bushido66.ru/upload/resize_cache/iblock/64a/450_450_0/6tvxnem8kzyl1rjbx3nvat39qnkqi74r.jpg;
492;Суши Сякэ;Суши;50;RUB;True;https://bushido66.ru/catalog/sushi/492/;https://bushido66.ru/upload/resize_cache/iblock/a30/450_450_0/e1twag519h7fmii976fc13h6x40f2blr.jpg;
487;Суши Сякэ кунсей;Суши;50;RUB;True;https://bushido66.ru/catalog/sushi/487/;https://bushido66.ru/upload/resize_cache/iblock/306/450_450_0/76il4hl84xjeco62eso4pyz7jrh9nj1g.jpg;
488;Суши Унаги;Суши;50;RUB;True;https://bushido66.ru/catalog/sushi/488/;https://bushido66.ru/upload/iblock/e17/kucy2lwten1qbgsb89hkzu6eiwcrnqqa.jpg;
500;Суши Хотатэ;Суши;50;RUB;True;https://bushido66.ru/catalog/sushi/500/;https://bushido66.ru/upload/resize_cache/iblock/204/450_450_0/3s0zyl4s42mcoz8137v2dmv4bnw5jhgr.jpg;
511;Суши Эби;Суши;50;RUB;True;https://bushido66.ru/catalog/sushi/511/;https://bushido66.ru/upload/resize_cache/iblock/d62/450_450_0/o4i8ffyu11ld7u3wlcqs33rhne91001e.jpg;
486;Гункан Икура;Гунканы;50;RUB;True;https://bushido66.ru/catalog/gunkany/486/;https://bushido66.ru/upload/resize_cache/iblock/54f/450_450_0/z5p1m4zpitbm84997qwe682e4avxitew.jpg;
3367;Гункан Кани Кюри;Гунканы;50;RUB;True;https://bushido66.ru/catalog/gunkany/3367/;https://bushido66.ru/upload/resize_cache/iblock/ce8/450_450_0/beizztdo8zirg4qyq5f594smoqxgyrvi.jpg;
3373;Гункан Кани Цукини;Гунканы;50;RUB;True;https://bushido66.ru/catalog/gunkany/3373/;https://bushido66.ru/upload/resize_cache/iblock/31c/450_450_0/ihkq0a55v492cgyr69wy5wui04lblw15.jpg;
3362;Гункан Магуро Кюри;Гунканы;50;RUB;True;https://bushido66.ru/catalog/gunkany/3362/;https://bushido66.ru/upload/resize_cache/iblock/ce8/450_450_0/beizztdo8zirg4qyq5f594smoqxgyrvi.jpg;
3369;Гункан Магуро Цукини;Гунканы;50;RUB;True;https://bushido66.ru/catalog/gunkany/3369/;https://bushido66.ru/upload/resize_cache/iblock/31c/450_450_0/ihkq0a55v492cgyr69wy5wui04lblw15.jpg;
3365;Гункан Мэндори Кюри;Гунканы;50;RUB;True;https://bushido66.ru/catalog/gunkany/3365/;https://bushido66.ru/upload/resize_cache/iblock/ce8/450_450_0/beizztdo8zirg4qyq5f594smoqxgyrvi.jpg;
3371;Гункан Мэндори Цукини;Гунканы;50;RUB;True;https://bushido66.ru/catalog/gunkany/3371/;https://bushido66.ru/upload/resize_cache/iblock/31c/450_450_0/ihkq0a55v492cgyr69wy5wui04lblw15.jpg;
3361;Гункан Спайси Кани;Гунканы;50;RUB;True;https://bushido66.ru/catalog/gunkany/3361/;https://bushido66.ru/upload/resize_cache/iblock/5a1/450_450_0/0zitu6imwzghgamzltgtjv7lf83bzd42.jpg;
514;Гункан Спайси магуро;Гунканы;50;RUB;True;https://bushido66.ru/catalog/gunkany/514/;https://bushido66.ru/upload/resize_cache/iblock/515/450_450_0/k0d1xce0o7i30fpqaa075nqygyg2wvvd.jpg;
493;Гункан Спайси сяке;Гунканы;50;RUB;True;https://bushido66.ru/catalog/gunkany/493/;https://bushido66.ru/upload/resize_cache/iblock/510/450_450_0/j666zekc0vy1ocuxu43ich050jmqnnqf.jpg;
489;Гункан Спайси унаги;Гунканы;50;RUB;True;https://bushido66.ru/catalog/gunkany/489/;https://bushido66.ru/upload/resize_cache/iblock/d5a/450_450_0/ursl0qwwe52ee2rhhx51qx2c9zznitlo.jpg;
495;Гункан Спайси хотатэ;Гунканы;50;RUB;True;https://bushido66.ru/catalog/gunkany/495/;https://bushido66.ru/upload/resize_cache/iblock/5c2/450_450_0/nw9z6ll11oqetwr0kedmxd60lq2j21bc.jpg;
512;Гункан Спайси эби;Гунканы;50;RUB;True;https://bushido66.ru/catalog/gunkany/512/;https://bushido66.ru/upload/resize_cache/iblock/912/450_450_0/b66f8t1ujgu8t53tnpq7xy1hpebslp51.jpg;
3364;Гункан Сяке Кюри;Гунканы;50;RUB;True;https://bushido66.ru/catalog/gunkany/3364/;https://bushido66.ru/upload/resize_cache/iblock/ce8/450_450_0/beizztdo8zirg4qyq5f594smoqxgyrvi.jpg;
3370;Гункан Сяке Цукини;Гунканы;50;RUB;True;https://bushido66.ru/catalog/gunkany/3370/;https://bushido66.ru/upload/resize_cache/iblock/31c/450_450_0/ihkq0a55v492cgyr69wy5wui04lblw15.jpg;
485;Гункан Тобико;Гунканы;50;RUB;True;https://bushido66.ru/catalog/gunkany/485/;https://bushido66.ru/upload/resize_cache/iblock/2c9/450_450_0/h8fzw9m9t5skcmho703kdi20jeonpi7i.jpg;
3368;Гункан Томари Кюри;Гунканы;50;RUB;True;https://bushido66.ru/catalog/gunkany/3368/;https://bushido66.ru/upload/resize_cache/iblock/ce8/450_450_0/beizztdo8zirg4qyq5f594smoqxgyrvi.jpg;
3374;Гункан Томари Цукини;Гунканы;50;RUB;True;https://bushido66.ru/catalog/gunkany/3374/;https://bushido66.ru/upload/resize_cache/iblock/31c/450_450_0/ihkq0a55v492cgyr69wy5wui04lblw15.jpg;
3363;Гункан Унаги Кюри;Гунканы;50;RUB;True;https://bushido66.ru/catalog/gunkany/3363/;https://bushido66.ru/upload/resize_cache/iblock/ce8/450_450_0/beizztdo8zirg4qyq5f594smoqxgyrvi.jpg;
3375;Гункан Унаги Цукини;Гунканы;50;RUB;True;https://bushido66.ru/catalog/gunkany/3375/;https://bushido66.ru/upload/resize_cache/iblock/31c/450_450_0/ihkq0a55v492cgyr69wy5wui04lblw15.jpg;
3366;Гункан Эби Кюри;Гунканы;50;RUB;True;https://bushido66.ru/catalog/gunkany/3366/;https://bushido66.ru/upload/resize_cache/iblock/ce8/450_450_0/beizztdo8zirg4qyq5f594smoqxgyrvi.jpg;
3372;Гункан Эби Цукини;Гунканы;50;RUB;True;https://bushido66.ru/catalog/gunkany/3372/;https://bushido66.ru/upload/resize_cache/iblock/31c/450_450_0/ihkq0a55v492cgyr69wy5wui04lblw15.jpg;
258;Изуми тай;Сашими;50;RUB;True;https://bushido66.ru/catalog/sashimi/258/;https://bushido66.ru/upload/resize_cache/iblock/4ec/450_450_0/2u1sk004xddn6ziwwr49fp3s25fd7iim.jpg;
248;Икура;Сашими;50;RUB;True;https://bushido66.ru/catalog/sashimi/248/;https://bushido66.ru/upload/resize_cache/iblock/bf8/450_450_0/jqz0783yo75flh6lg6zzrnj25oy0cmpe.jpg;
286;Магуро;Сашими;50;RUB;True;https://bushido66.ru/catalog/sashimi/286/;https://bushido66.ru/upload/resize_cache/iblock/261/450_450_0/wmq4w8tri4qv634jfvmt1buw7tvc0kov.jpg;
255;Сяке;Сашими;50;RUB;True;https://bushido66.ru/catalog/sashimi/255/;https://bushido66.ru/upload/resize_cache/iblock/7d1/450_450_0/c9mi4hi3votrgqvt0e4q7qnnvn1fa37e.jpg;
265;Тако;Сашими;50;RUB;True;https://bushido66.ru/catalog/sashimi/265/;https://bushido66.ru/upload/resize_cache/iblock/d74/450_450_0/554b5x7qefr9gqyk08w64s3qmiktbdm8.jpg;
252;Унаги;Сашими;50;RUB;True;https://bushido66.ru/catalog/sashimi/252/;https://bushido66.ru/upload/resize_cache/iblock/2bc/450_450_0/i8l2oznfb6z2j58hcmc72zaq9qhggwtr.jpg;
257;Хотатэ;Сашими;50;RUB;True;https://bushido66.ru/catalog/sashimi/257/;https://bushido66.ru/upload/resize_cache/iblock/502/450_450_0/uchyo4voemqytw83z1bmhsfi9ktj3azq.jpg;
280;Эби;Сашими;50;RUB;True;https://bushido66.ru/catalog/sashimi/280/;https://bushido66.ru/upload/resize_cache/iblock/e45/450_450_0/rh0g53eml98z1smy6uq19xsgvncsqm00.jpg;
295;Авокадо маки;Роллы;50;RUB;True;https://bushido66.ru/catalog/rolly/295/;https://bushido66.ru/upload/resize_cache/iblock/d6d/450_450_0/yt3edl9lmiih44r7yjs472g6krepse66.jpg;
317;Аляска;Роллы;50;RUB;True;https://bushido66.ru/catalog/rolly/317/;https://bushido66.ru/upload/resize_cache/iblock/672/450_450_0/rpzq4dgomyfvx1a48y15u30h3jmle51o.jpg;
347;Бекон маки;Роллы;50;RUB;True;https://bushido66.ru/catalog/rolly/347/;https://bushido66.ru/upload/resize_cache/iblock/af7/450_450_0/rmks5fajlshrh5yije1ohpeecjq1zxba.jpg;
298;Икура маки;Роллы;50;RUB;True;https://bushido66.ru/catalog/rolly/298/;https://bushido66.ru/upload/resize_cache/iblock/77a/450_450_0/nc6z8c1u7ppqxhj6ql6xnkw5mllsm3ez.jpg;
305;Кайсо маки;Роллы;50;RUB;True;https://bushido66.ru/catalog/rolly/305/;https://bushido66.ru/upload/resize_cache/iblock/c9f/450_450_0/xw6dahmr261shfbogvc63l9x9yd7bq35.jpg;
324;Кайсо с овощами;Роллы;50;RUB;True;https://bushido66.ru/catalog/rolly/324/;https://bushido66.ru/upload/resize_cache/iblock/06a/450_450_0/8xw3s3x1oy7fvw0lm3hwhed35hl1er14.jpg;
310;Камикадзе;Роллы;50;RUB;True;https://bushido66.ru/catalog/rolly/310/;https://bushido66.ru/upload/resize_cache/iblock/2a4/450_450_0/pp1gfvdagjp1d5m15y26jwfsk145hhvh.jpg;
306;Канада маки;Роллы;50;RUB;True;https://bushido66.ru/catalog/rolly/306/;https://bushido66.ru/upload/resize_cache/iblock/aa1/450_450_0/2a7xxpbuehutbijaiiif7on1z9mgrhcf.jpg;
323;Каппа маки;Роллы;50;RUB;True;https://bushido66.ru/catalog/rolly/323/;https://bushido66.ru/upload/resize_cache/iblock/c6b/450_450_0/p35af30e817kd68x767xqrpm0l03t0jz.jpg;
534;Лава ролл;Роллы;50;RUB;True;https://bushido66.ru/catalog/rolly/534/;https://bushido66.ru/upload/resize_cache/iblock/fa2/450_450_0/49bu2w1w62hfkx3jkaksxi93c2bvmbob.jpg;
348;Овощная тортилья;Роллы;50;RUB;True;https://bushido66.ru/catalog/rolly/348/;https://bushido66.ru/upload/resize_cache/iblock/f36/450_450_0/qj8ze480co5dsk1c3bnrw6vbsl9kyh0s.jpg;
360;Сафари маки;Роллы;50;RUB;True;https://bushido66.ru/catalog/rolly/360/;https://bushido66.ru/upload/resize_cache/iblock/aac/450_450_0/rhwqi7n4jql0hx6n620a0463gvao5abr.jpg;
376;Сяке гурме;Роллы;50;RUB;True;https://bushido66.ru/catalog/rolly/376/;https://bushido66.ru/upload/resize_cache/iblock/3d6/450_450_0/jem7em7de60afi6nzskt08y03ucp93zh.jpg;
316;Сяке маки;Роллы;50;RUB;True;https://bushido66.ru/catalog/rolly/316/;https://bushido66.ru/upload/resize_cache/iblock/430/450_450_0/b78swnhrhasxr5dwaxtrnk90qbvhzzzj.jpg;
375;Тортилья с копченым лососем;Роллы;50;RUB;True;https://bushido66.ru/catalog/rolly/375/;https://bushido66.ru/upload/resize_cache/iblock/d71/450_450_0/t4rzb25fln28xf3k0ity1amyr495za5v.jpg;
369;Тортилья с креветкой;Роллы;50;RUB;True;https://bushido66.ru/catalog/rolly/369/;https://bushido66.ru/upload/resize_cache/iblock/45b/450_450_0/jwnaz2wngzsg91u09hm7hy15st314n4c.jpg;
355;Тортилья с угрем;Роллы;50;RUB;True;https://bushido66.ru/catalog/rolly/355/;https://bushido66.ru/upload/resize_cache/iblock/151/450_450_0/fzawgmettihdj7hj0s6f9rgzua14s3a0.jpg;
330;Туно маки;Роллы;50;RUB;True;https://bushido66.ru/catalog/rolly/330/;https://bushido66.ru/upload/resize_cache/iblock/5e9/450_450_0/0uf9b46jm8i4kd1ea8bzcgfyp5jp8lun.jpg;
388;Филадельфия лайт;Роллы;50;RUB;True;https://bushido66.ru/catalog/rolly/388/;https://bushido66.ru/upload/iblock/ac8/uhmysp2q0cpp07cr8s7gsar8rbf1j0ur.jpg;
383;Филадельфия лайт с авокадо;Роллы;50;RUB;True;https://bushido66.ru/catalog/rolly/383/;https://bushido66.ru/upload/resize_cache/iblock/7aa/450_450_0/09g2732kehsw4j1f9nolptdyl8yfzf5f.jpg;
361;Филадельфия с авокадо;Роллы;50;RUB;True;https://bushido66.ru/catalog/rolly/361/;https://bushido66.ru/upload/resize_cache/iblock/bc8/450_450_0/wtsfznt3t4zmre21xicr34v6fdbfjbbq.jpg;
384;Филадельфия с апельсином;Роллы;50;RUB;True;https://bushido66.ru/catalog/rolly/384/;https://bushido66.ru/upload/resize_cache/iblock/7b5/450_450_0/yqc0idan07fa5ewd71l9kx1mo4jcjb7d.jpg;
362;Филадельфия с зеленым луком;Роллы;50;RUB;True;https://bushido66.ru/catalog/rolly/362/;https://bushido66.ru/upload/resize_cache/iblock/b2a/450_450_0/n97yrqtgsi4dn5eb4o71ccrtx3f9l17q.jpg;
358;Филадельфия с копченым лососем;Роллы;50;RUB;True;https://bushido66.ru/catalog/rolly/358/;https://bushido66.ru/upload/resize_cache/iblock/8f4/450_450_0/vpimw1dp0ye7sqwddph23el7cq1q3qxo.jpg;
363;Филадельфия с красной икрой;Роллы;50;RUB;True;https://bushido66.ru/catalog/rolly/363/;https://bushido66.ru/upload/resize_cache/iblock/d70/450_450_0/2ocbncrjgnumjbk3blnd1e4ro6jym3r3.jpg;
390;Филадельфия с креветкой;Роллы;50;RUB;True;https://bushido66.ru/catalog/rolly/390/;https://bushido66.ru/upload/resize_cache/iblock/ceb/450_450_0/0mmn3zte6v3cavrvrzbwa8qe9palwcyk.jpg;
364;Филадельфия с огурцом;Роллы;50;RUB;True;https://bushido66.ru/catalog/rolly/364/;https://bushido66.ru/upload/resize_cache/iblock/62c/450_450_0/72m3oe6rk0zm7ymmx8d767616ex8rhfb.jpg;
536;Эби Васаби ролл;Роллы;50;RUB;True;https://bushido66.ru/catalog/rolly/536/;https://bushido66.ru/upload/resize_cache/iblock/49b/450_450_0/0qkjlb7ogw7pop0795c5i5rm9oc0vxif.jpg;
319;Эби авокадо маки;Роллы;50;RUB;True;https://bushido66.ru/catalog/rolly/319/;https://bushido66.ru/upload/resize_cache/iblock/e0c/450_450_0/3du595gaeaag2zb3fz1y39z7npupaeqn.jpg;
391;Эби ниру;Роллы;50;RUB;True;https://bushido66.ru/catalog/rolly/391/;https://bushido66.ru/upload/resize_cache/iblock/a73/450_450_0/mz8qzohyx79pggknr71yvrtxrvnnjrte.jpg;
521;Бенто Амаи;Бизнес-ланчи в будни с 12:00 до 16:00;50;RUB;True;https://bushido66.ru/catalog/biznes_lanchi_s_11_00_do_16_00/521/;https://bushido66.ru/upload/resize_cache/iblock/f08/450_450_0/2mq0uel8bmo29eccjt2sy3git3tb4gdg.jpg;
520;Бенто Кантани;Бизнес-ланчи в будни с 12:00 до 16:00;50;RUB;True;https://bushido66.ru/catalog/biznes_lanchi_s_11_00_do_16_00/520/;https://bushido66.ru/upload/resize_cache/iblock/470/450_450_0/09sulr08q45xalb4lkl3wll5yoxg325z.jpg;
519;Бенто Ойши;Бизнес-ланчи в будни с 12:00 до 16:00;50;RUB;True;https://bushido66.ru/catalog/biznes_lanchi_s_11_00_do_16_00/519/;https://bushido66.ru/upload/resize_cache/iblock/a0e/450_450_0/prked96d5on8f9yl9o3cpkk7mgclii59.jpg;
533;Бенто Ясай;Бизнес-ланчи в будни с 12:00 до 16:00;50;RUB;True;https://bushido66.ru/catalog/biznes_lanchi_s_11_00_do_16_00/533/;https://bushido66.ru/upload/resize_cache/iblock/09f/450_450_0/q4z73rnpquw52sz2v9w2ucnlsdoa6llf.jpg;
589;Картофельный крем-суп с куриной грудкой;Супы;50;RUB;True;https://bushido66.ru/catalog/supy/589/;https://bushido66.ru/upload/resize_cache/iblock/c0d/450_450_0/m4y8zt2u32t4inasxkfoicto31zii494.jpg;
586;Киноко сирой;Супы;50;RUB;True;https://bushido66.ru/catalog/supy/586/;https://bushido66.ru/upload/resize_cache/iblock/68b/450_450_0/tq0ogdyi0ymrummhtax6w0y0qvotowlu.jpg;
590;Куриный суп с лапшой;Супы;50;RUB;True;https://bushido66.ru/catalog/supy/590/;https://bushido66.ru/upload/resize_cache/iblock/321/450_450_0/mcl3f58uwmapnqz2iqys2qtedn58pogm.jpg;
588;Набэ удон;Супы;50;RUB;True;https://bushido66.ru/catalog/supy/588/;https://bushido66.ru/upload/resize_cache/iblock/75a/450_450_0/3hwg5tzue1nn219nv8ddsfg7jc5jeshc.jpg;
591;Нику рамен;Супы;50;RUB;True;https://bushido66.ru/catalog/supy/591/;https://bushido66.ru/upload/resize_cache/iblock/2ae/450_450_0/cqcwhzsz4c9xiq2jx0zo325ce9k3d05n.jpg;
22906;Окрошка на квасе;Супы;50;RUB;True;https://bushido66.ru/catalog/supy/22906/;https://bushido66.ru/upload/resize_cache/iblock/93b/450_450_0/tlgeuhbpwf9h1runckv22vtv5ze76167.jpg;
22905;Окрошка с мацони;Супы;50;RUB;True;https://bushido66.ru/catalog/supy/22905/;https://bushido66.ru/bitrix/templates/food_s1/images/picture.missing.png;
22904;Суп Фобо;Супы;50;RUB;True;https://bushido66.ru/catalog/supy/22904/;https://bushido66.ru/upload/resize_cache/iblock/ca3/450_450_0/wm03j0ffb5n05y3z1n6dekslo1js110g.jpg;
537;Том Ям с креветками;Супы;50;RUB;True;https://bushido66.ru/catalog/supy/537/;https://bushido66.ru/upload/resize_cache/iblock/f3d/450_450_0/3t6dd8tdz8d2ej8xz5h460pfzthgyu1v.jpg;
535;Том Ям с морепродуктами;Супы;50;RUB;True;https://bushido66.ru/catalog/supy/535/;https://bushido66.ru/upload/resize_cache/iblock/f3d/450_450_0/3t6dd8tdz8d2ej8xz5h460pfzthgyu1v.jpg;
541;Том ям с курицей;Супы;50;RUB;True;https://bushido66.ru/catalog/supy/541/;https://bushido66.ru/upload/resize_cache/iblock/f3d/450_450_0/3t6dd8tdz8d2ej8xz5h460pfzthgyu1v.jpg;
525;Уха по-фински;Супы;50;RUB;True;https://bushido66.ru/catalog/supy/525/;https://bushido66.ru/upload/resize_cache/iblock/92f/450_450_0/8luieiy4zgvxrq1hvjoiufsixtdq9nqr.jpg;
575;Вегетарианский поке;Поке;50;RUB;True;https://bushido66.ru/catalog/poke/575/;https://bushido66.ru/upload/resize_cache/iblock/305/450_450_0/v0donvvbw9uxjn0o4idapgfut6izjhwc.jpg;
574;Поке с креветками;Поке;50;RUB;True;https://bushido66.ru/catalog/poke/574/;https://bushido66.ru/upload/resize_cache/iblock/d70/450_450_0/sldpdv4y690igvny4bxpokxrpda7amrw.jpg;
573;Поке с лососем;Поке;50;RUB;True;https://bushido66.ru/catalog/poke/573/;https://bushido66.ru/upload/resize_cache/iblock/64b/450_450_0/lcj3xm6b8w5nx4tnza335lx783i4r4fc.jpg;
572;Поке с тунцом;Поке;50;RUB;True;https://bushido66.ru/catalog/poke/572/;https://bushido66.ru/upload/resize_cache/iblock/d6b/450_450_0/2ot0xy9u746i75ow1sjytk88z6wglw6c.jpg;
571;Поке с угрем;Поке;50;RUB;True;https://bushido66.ru/catalog/poke/571/;https://bushido66.ru/upload/resize_cache/iblock/377/450_450_0/60siyg9q5d5wgslazjwbxnazpad42ba1.jpg;
346;Айген маки;Теплые роллы;50;RUB;True;https://bushido66.ru/catalog/teplye_rolly/346/;https://bushido66.ru/upload/resize_cache/iblock/f44/450_450_0/mss5j459l74hhnpk1nqkiswd8ocvhsh8.jpg;
354;Америка;Теплые роллы;50;RUB;True;https://bushido66.ru/catalog/teplye_rolly/354/;https://bushido66.ru/upload/resize_cache/iblock/8c0/450_450_0/ezmnkjqzr3dtpypau9lj2v74a9calg7h.jpg;
3379;Антирис;Теплые роллы;50;RUB;True;https://bushido66.ru/catalog/teplye_rolly/3379/;https://bushido66.ru/upload/resize_cache/iblock/1fe/450_450_0/ncne52jmptcqxt46h0tj27rzsy4sobah.jpg;
380;Империя;Теплые роллы;50;RUB;True;https://bushido66.ru/catalog/teplye_rolly/380/;https://bushido66.ru/upload/resize_cache/iblock/fb1/450_450_0/q7jl4durbaprblhbi9jpuyhd657xulfz.jpg;
523;Кани Темпура;Теплые роллы;50;RUB;True;https://bushido66.ru/catalog/teplye_rolly/523/;https://bushido66.ru/upload/resize_cache/iblock/460/450_450_0/yujgsg1yliebgq2tqmf4lfhw12n8z3ga.jpg;
356;Кани фурай маки;Теплые роллы;50;RUB;True;https://bushido66.ru/catalog/teplye_rolly/356/;https://bushido66.ru/upload/resize_cache/iblock/3a4/450_450_0/rz0gnispwdrsig2yaxtbq9nt00fac5bl.jpg;
368;Кизу ролл;Теплые роллы;50;RUB;True;https://bushido66.ru/catalog/teplye_rolly/368/;https://bushido66.ru/upload/resize_cache/iblock/a90/450_450_0/7q0r506dcb8a5yka4puc94x2zg36ddpi.jpg;
351;Майами;Теплые роллы;50;RUB;True;https://bushido66.ru/catalog/teplye_rolly/351/;https://bushido66.ru/upload/resize_cache/iblock/d85/450_450_0/k36ta0kmqid6l4ae2lacl1gtjgww7nhi.jpg;
372;Меркурий;Теплые роллы;50;RUB;True;https://bushido66.ru/catalog/teplye_rolly/372/;https://bushido66.ru/upload/resize_cache/iblock/c34/450_450_0/awq4pk6um3eu5uu57o2awgf8n5rw8106.jpg;
3381;Оранжевый Микс;Теплые роллы;50;RUB;True;https://bushido66.ru/catalog/teplye_rolly/3381/;https://bushido66.ru/upload/resize_cache/iblock/18f/450_450_0/z8uv8qy8ooqr8gg2ro9bx6nge22wlgia.jpg;
370;Осака;Теплые роллы;50;RUB;True;https://bushido66.ru/catalog/teplye_rolly/370/;https://bushido66.ru/upload/resize_cache/iblock/0a1/450_450_0/565jrcyfdxf1238q7wxtrmxsoc1omlth.jpg;
3380;Сяке темпура краб;Теплые роллы;50;RUB;True;https://bushido66.ru/catalog/teplye_rolly/3380/;https://bushido66.ru/upload/resize_cache/iblock/ad4/450_450_0/xhl66tryu2z92j7xu6dkdkpzkqt0onxv.jpg;
353;Тайский;Теплые роллы;50;RUB;True;https://bushido66.ru/catalog/teplye_rolly/353/;https://bushido66.ru/upload/resize_cache/iblock/3b0/450_450_0/r9f3cdx5glabl8ifm2z2vx368hs3c5f0.jpg;
366;Теплая Филадельфия;Теплые роллы;50;RUB;True;https://bushido66.ru/catalog/teplye_rolly/366/;https://bushido66.ru/upload/resize_cache/iblock/42c/450_450_0/fjcjyvyb1pqyd925smrq65tawt61m5d6.jpg;
3378;Теплый ролл;Теплые роллы;50;RUB;True;https://bushido66.ru/catalog/teplye_rolly/3378/;https://bushido66.ru/upload/resize_cache/iblock/7a6/450_450_0/5smnpjoryku1ru2yhkp587d573faobo3.jpg;
367;Техас;Теплые роллы;50;RUB;True;https://bushido66.ru/catalog/teplye_rolly/367/;https://bushido66.ru/upload/resize_cache/iblock/3e9/450_450_0/qnot7mcpyktimtri2kjnxo1i2gun4r7f.jpg;
374;Тори темпура;Теплые роллы;50;RUB;True;https://bushido66.ru/catalog/teplye_rolly/374/;https://bushido66.ru/upload/resize_cache/iblock/1bc/450_450_0/4xw2w5d6ucxv6h50iyu41l4fgq45k5mb.jpg;
302;Цезарь темпура;Теплые роллы;50;RUB;True;https://bushido66.ru/catalog/teplye_rolly/302/;https://bushido66.ru/upload/resize_cache/iblock/c76/450_450_0/h1zbta2ypp1f06grxzi61693gd1151j0.jpg;
524;Чикен темпура;Теплые роллы;50;RUB;True;https://bushido66.ru/catalog/teplye_rolly/524/;https://bushido66.ru/upload/resize_cache/iblock/08d/450_450_0/m439fsk5hanj21ynucryo98g0yzwii6h.jpg;
340;Акиро ролл;Запеченные роллы;50;RUB;True;https://bushido66.ru/catalog/zapechennye_rolly/340/;https://bushido66.ru/upload/resize_cache/iblock/98e/450_450_0/uvaxqj701zoh199ru928kow537entry8.jpg;
389;Запеченная Филадельфия;Запеченные роллы;50;RUB;True;https://bushido66.ru/catalog/zapechennye_rolly/389/;https://bushido66.ru/upload/resize_cache/iblock/a6b/450_450_0/s0ohl089qge14eg5t4mpkyuqpst9bw2s.jpg;
343;Запеченный Бусидо;Запеченные роллы;50;RUB;True;https://bushido66.ru/catalog/zapechennye_rolly/343/;https://bushido66.ru/upload/resize_cache/iblock/64b/450_450_0/h120dm3sqswu37j2pzewrubnsb7xhkhu.jpg;
331;Запеченный с беконом;Запеченные роллы;50;RUB;True;https://bushido66.ru/catalog/zapechennye_rolly/331/;https://bushido66.ru/upload/resize_cache/iblock/eaa/450_450_0/phihax0hum9r5gpg82sha07tpc05ry93.jpg;
338;Запеченный с копченым лососем;Запеченные роллы;50;RUB;True;https://bushido66.ru/catalog/zapechennye_rolly/338/;https://bushido66.ru/upload/resize_cache/iblock/98e/450_450_0/uvaxqj701zoh199ru928kow537entry8.jpg;
345;Запеченный с креветкой;Запеченные роллы;50;RUB;True;https://bushido66.ru/catalog/zapechennye_rolly/345/;https://bushido66.ru/upload/resize_cache/iblock/102/450_450_0/wd4fczkp0fr491xw7pfl01qu2t63tsbd.jpg;
336;Запеченный с курицей;Запеченные роллы;50;RUB;True;https://bushido66.ru/catalog/zapechennye_rolly/336/;https://bushido66.ru/upload/resize_cache/iblock/102/450_450_0/wd4fczkp0fr491xw7pfl01qu2t63tsbd.jpg;
341;Запеченный с лососем;Запеченные роллы;50;RUB;True;https://bushido66.ru/catalog/zapechennye_rolly/341/;https://bushido66.ru/upload/resize_cache/iblock/102/450_450_0/wd4fczkp0fr491xw7pfl01qu2t63tsbd.jpg;
3377;Запеченный с судаком;Запеченные роллы;50;RUB;True;https://bushido66.ru/catalog/zapechennye_rolly/3377/;https://bushido66.ru/upload/resize_cache/iblock/89e/450_450_0/26ixfz3ab953pfb0ay316vyx9gwrj060.jpg;
329;Киото;Запеченные роллы;50;RUB;True;https://bushido66.ru/catalog/zapechennye_rolly/329/;https://bushido66.ru/upload/resize_cache/iblock/1c5/450_450_0/v8586yx8qo0n56x4etv6o2t1kvxruwnd.jpg;
335;Токио;Запеченные роллы;50;RUB;True;https://bushido66.ru/catalog/zapechennye_rolly/335/;https://bushido66.ru/upload/resize_cache/iblock/eaa/450_450_0/phihax0hum9r5gpg82sha07tpc05ry93.jpg;
443;Бабочка сет;Сеты;50;RUB;True;https://bushido66.ru/catalog/sety/443/;https://bushido66.ru/upload/resize_cache/iblock/0c8/450_450_0/lx99nk9s1n7qq3pih55s4fmz061lxlu4.jpg;
507;Бусидо;Сеты;50;RUB;True;https://bushido66.ru/catalog/sety/507/;https://bushido66.ru/upload/resize_cache/iblock/bf4/450_450_0/tz3hoeu7w4s334feq2e00u2h6fyifqbn.jpg;
505;Демократичный;Сеты;50;RUB;True;https://bushido66.ru/catalog/sety/505/;https://bushido66.ru/upload/resize_cache/iblock/fba/450_450_0/uu1xvt4s75x4pzw6qei3xzeambi4ksar.jpg;
504;Для двоих;Сеты;50;RUB;True;https://bushido66.ru/catalog/sety/504/;https://bushido66.ru/upload/resize_cache/iblock/f27/450_450_0/xwqrkzt2g7qy52jrdnh4nhbbvv92z67f.jpg;
539;Мураками;Сеты;50;RUB;True;https://bushido66.ru/catalog/sety/539/;https://bushido66.ru/upload/resize_cache/iblock/752/450_450_0/970ykzwr5scqpdfkadrlub5djjg11ou4.jpeg;
490;Сашими сет;Сеты;50;RUB;True;https://bushido66.ru/catalog/sety/490/;https://bushido66.ru/upload/resize_cache/iblock/96c/450_450_0/tln6ocn898n3dlb7skgltdg5fj42768z.jpg;
517;Сет Love;Сеты;50;RUB;True;https://bushido66.ru/catalog/sety/517/;https://bushido66.ru/upload/resize_cache/iblock/c82/450_450_0/bgnaiwh9a08i0q2cgl5w20jisufmzf6w.jpg;
530;Сет Spring;Сеты;50;RUB;True;https://bushido66.ru/catalog/sety/530/;https://bushido66.ru/upload/resize_cache/iblock/3a2/450_450_0/lda44y85utaterl1jouon3127do8b8i9.jpg;
532;Сет Жемчуг;Сеты;50;RUB;True;https://bushido66.ru/catalog/sety/532/;https://bushido66.ru/upload/resize_cache/iblock/fc8/450_450_0/w76ojsslekw5v1xvyiwwwq5f0vizw98t.jpg;
508;Сет Запеченный;Сеты;50;RUB;True;https://bushido66.ru/catalog/sety/508/;https://bushido66.ru/upload/resize_cache/iblock/bd0/450_450_0/xlr5g1qox9p20w2ggjm3shxspbooeco3.png;
531;Сет Лайт;Сеты;50;RUB;True;https://bushido66.ru/catalog/sety/531/;https://bushido66.ru/upload/resize_cache/iblock/098/450_450_0/irdr7gtr9fsx24z0932vnnj4m8sk97df.jpg;
529;Сет Лотос;Сеты;50;RUB;True;https://bushido66.ru/catalog/sety/529/;https://bushido66.ru/upload/resize_cache/iblock/9b5/450_450_0/gqrag9s74bmg10jcy10sg5icv26cr7zj.jpeg;
528;Сет Цветы;Сеты;50;RUB;True;https://bushido66.ru/catalog/sety/528/;https://bushido66.ru/upload/resize_cache/iblock/4b6/450_450_0/iptmpeby0c9b27utxly5bijsgt48v0l9.jpg;
503;Сумо;Сеты;50;RUB;True;https://bushido66.ru/catalog/sety/503/;https://bushido66.ru/upload/resize_cache/iblock/48d/450_450_0/t2zlwqh1y1ideokuclofxent1d13xva3.jpg;
509;Суши - сет;Сеты;50;RUB;True;https://bushido66.ru/catalog/sety/509/;https://bushido66.ru/upload/resize_cache/iblock/5f0/450_450_0/rbemieq2m5hig8kxsnz4k8mcyzbaz1lh.jpg;
501;Татеро;Сеты;50;RUB;True;https://bushido66.ru/catalog/sety/501/;https://bushido66.ru/upload/resize_cache/iblock/170/450_450_0/pbqh7lcn3sgdosmxtql23j8ekfmfnp96.jpg;
506;Филадельфия;Сеты;50;RUB;True;https://bushido66.ru/catalog/sety/506/;https://bushido66.ru/upload/resize_cache/iblock/eeb/450_450_0/kjksxlvrim3syp36kz2wx18btcglr2gl.jpg;
442;Филадельфия лайт сет;Сеты;50;RUB;True;https://bushido66.ru/catalog/sety/442/;https://bushido66.ru/upload/resize_cache/iblock/b4f/450_450_0/t6fiuaur3men4owcmakznvvhmlpezkc6.jpg;
540;Фудзи;Сеты;50;RUB;True;https://bushido66.ru/catalog/sety/540/;https://bushido66.ru/upload/resize_cache/iblock/2ff/450_450_0/4ycnciur9dist5dw6ck9qikf5mx2fies.jpeg;
502;Харакири;Сеты;50;RUB;True;https://bushido66.ru/catalog/sety/502/;https://bushido66.ru/upload/resize_cache/iblock/774/450_450_0/1w80rqchp6q8oruf9op8zxeyn9oh8dhg.jpg;
510;Хатешинай;Сеты;50;RUB;True;https://bushido66.ru/catalog/sety/510/;https://bushido66.ru/upload/resize_cache/iblock/c19/450_450_0/jm3u874e0xh05um2vjuzrfdipunp4grg.jpg;
441;Энкай сет;Сеты;50;RUB;True;https://bushido66.ru/catalog/sety/441/;https://bushido66.ru/upload/resize_cache/iblock/eca/450_450_0/ahfrkis35hy2vvh25lbk78gglzkflgww.jpg;
413;Доп ингредиент Говядина;WOK конструктор;50;RUB;True;https://bushido66.ru/catalog/wok_konstruktor/413/;https://bushido66.ru/upload/resize_cache/iblock/d9e/450_450_0/c4ytig3uxu7k2khf5bwq7s1ie899rpcl.jpg;
406;Доп ингредиент Грибы шиитаке;WOK конструктор;50;RUB;True;https://bushido66.ru/catalog/wok_konstruktor/406/;https://bushido66.ru/upload/resize_cache/iblock/582/450_450_0/ydzswcy063cc2q5i0bbzig8vwnvm54hb.jpg;
417;Доп ингредиент Лосось;WOK конструктор;50;RUB;True;https://bushido66.ru/catalog/wok_konstruktor/417/;https://bushido66.ru/upload/resize_cache/iblock/766/450_450_0/qxi5q9iccqu1vzsb1zvv8hxyiv1w6onk.jpg;
415;Доп ингредиент Морской коктейль;WOK конструктор;50;RUB;True;https://bushido66.ru/catalog/wok_konstruktor/415/;https://bushido66.ru/upload/resize_cache/iblock/4b3/450_450_0/7cpr3cj9hk2syfn0rxvr9gcwjtguva0v.jpg;
416;Доп ингредиент Свинина;WOK конструктор;50;RUB;True;https://bushido66.ru/catalog/wok_konstruktor/416/;https://bushido66.ru/upload/resize_cache/iblock/3c2/450_450_0/zvg15jrifu0i6m26iixslz0j6lzo7dcp.jpg;
407;Доп ингредиент Черные древесные грибы;WOK конструктор;50;RUB;True;https://bushido66.ru/catalog/wok_konstruktor/407/;https://bushido66.ru/upload/resize_cache/iblock/8e0/450_450_0/n7eeh5tfzer1px6rrd0m7tu7get40pa5.jpg;
464;Доп ингредиент цукини,баклажаны;WOK конструктор;50;RUB;True;https://bushido66.ru/catalog/wok_konstruktor/464/;https://bushido66.ru/upload/resize_cache/iblock/bc9/450_450_0/h051cpdvlucs1kpzjl4m9y18yzn9ecva.jpg;
414;Доп. ингредиент Курица;WOK конструктор;50;RUB;True;https://bushido66.ru/catalog/wok_konstruktor/414/;https://bushido66.ru/upload/resize_cache/iblock/8a2/450_450_0/olke0klekhrjsdlct0rvm14a8uoikeot.jpg;
424;Основа Гречневая лапша;WOK конструктор;50;RUB;True;https://bushido66.ru/catalog/wok_konstruktor/424/;https://bushido66.ru/upload/resize_cache/iblock/2bf/450_450_0/hp25tdrh4xatnylnexmtbm1qde3min07.jpg;
439;Основа Пшеничная лапша;WOK конструктор;50;RUB;True;https://bushido66.ru/catalog/wok_konstruktor/439/;https://bushido66.ru/upload/resize_cache/iblock/0d1/450_450_0/d4ob2a2ymac133dse9gxi5q1ptj12scr.jpg;
422;Американа;Пиццы;50;RUB;True;https://bushido66.ru/catalog/pizza/422/;https://bushido66.ru/upload/resize_cache/iblock/e88/450_450_0/xdsumy5fgml1sf69liyyb2h3j1fangd1.jpg;
463;Капричиоза;Пиццы;50;RUB;True;https://bushido66.ru/catalog/pizza/463/;https://bushido66.ru/upload/resize_cache/iblock/cf3/450_450_0/js3oh477mx3j3zvq6nrdu24cgh9wz3w4.jpg;
434;Лючия;Пиццы;50;RUB;True;https://bushido66.ru/catalog/pizza/434/;https://bushido66.ru/upload/resize_cache/iblock/27a/450_450_0/oo8osqhe2yhpqh5gvw67x2fg10uv93xp.jpg;
455;Маргарита;Пиццы;50;RUB;True;https://bushido66.ru/catalog/pizza/455/;https://bushido66.ru/upload/resize_cache/iblock/f8e/450_450_0/mw9ltr8qcwr5bwhqcgy5nymbb7tz7xur.jpg;
428;Пепперони;Пиццы;50;RUB;True;https://bushido66.ru/catalog/pizza/428/;https://bushido66.ru/upload/resize_cache/iblock/007/450_450_0/ylnylbajrwd01p7d93lzwd0o7kjwqy5o.jpg;
457;Рокфор;Пиццы;50;RUB;True;https://bushido66.ru/catalog/pizza/457/;https://bushido66.ru/upload/resize_cache/iblock/5db/450_450_0/k84hxmri951hlcthgiokxzyweaz7dj69.jpg;
3401;Сливочная карбонара;Пиццы;50;RUB;True;https://bushido66.ru/catalog/pizza/3401/;https://bushido66.ru/upload/resize_cache/iblock/3bc/450_450_0/vhtonnp0nhb8an6fog9nyn3zyioeyqtp.jpg;
26867;Ультра Комбо;Пиццы;50;RUB;True;https://bushido66.ru/catalog/pizza/26867/;https://bushido66.ru/upload/resize_cache/iblock/54b/450_450_0/v8s2xd4elpuryvsabuyl4dd7qj8z6e5g.jpg;
420;Флоренция;Пиццы;50;RUB;True;https://bushido66.ru/catalog/pizza/420/;https://bushido66.ru/upload/resize_cache/iblock/c3a/450_450_0/zidnt6rwu0fsk4rle30s6hjxtktq0e6v.jpg;
3402;Цыпленок Барбекю;Пиццы;50;RUB;True;https://bushido66.ru/catalog/pizza/3402/;https://bushido66.ru/upload/resize_cache/iblock/604/450_450_0/ghubjzmue4dzdd11fj0u0wm0ndhn2zwm.jpg;
404;Ассорти мясное;Закуски;50;RUB;True;https://bushido66.ru/catalog/zakuski/404/;https://bushido66.ru/upload/resize_cache/iblock/5ac/450_450_0/lqf51l3qs3iafan8i31ugaph9uzutur3.jpg;
436;Ассорти сырное;Закуски;50;RUB;True;https://bushido66.ru/catalog/zakuski/436/;https://bushido66.ru/upload/resize_cache/iblock/5f5/450_450_0/xs0y7dhpa1dgdb2s316deu64ndngqv94.jpg;
3384;Гамбургер с картофелем фри;Закуски;50;RUB;True;https://bushido66.ru/catalog/zakuski/3384/;https://bushido66.ru/upload/resize_cache/iblock/de9/450_450_0/emakx8bzit34xdb2mdhzfa9qujy90oem.jpeg;
239;Гедза с креветками;Закуски;50;RUB;True;https://bushido66.ru/catalog/zakuski/239/;https://bushido66.ru/upload/resize_cache/iblock/4dd/450_450_0/nr4imk76ca8e6vnykex54ohr0lclr15r.jpg;
240;Гедза с лососем;Закуски;50;RUB;True;https://bushido66.ru/catalog/zakuski/240/;https://bushido66.ru/upload/resize_cache/iblock/af2/450_450_0/tn5hlhaqtca5fbw54qoodwi5914proxh.jpg;
241;Гедза со свининой;Закуски;50;RUB;True;https://bushido66.ru/catalog/zakuski/241/;https://bushido66.ru/upload/resize_cache/iblock/895/450_450_0/2aklxpnbtr6ez9ylc10ubkg5z4td8kyt.jpg;
234;Гютан ясай яки;Закуски;50;RUB;True;https://bushido66.ru/catalog/zakuski/234/;https://bushido66.ru/upload/resize_cache/iblock/71f/450_450_0/5rb0pc57qsng1a81u24oywwzda73c0hz.jpg;
3386;Кесадилья с курицей;Закуски;50;RUB;True;https://bushido66.ru/catalog/zakuski/3386/;https://bushido66.ru/upload/resize_cache/iblock/835/450_450_0/ejbebdz8mj2sozhetce6q4boy6t6d97j.jpg;
429;Клаб-сэндвич с курицей;Закуски;50;RUB;True;https://bushido66.ru/catalog/zakuski/429/;https://bushido66.ru/upload/resize_cache/iblock/192/450_450_0/do0yzk7raogh4hkko6uyjwk9vqngtns1.jpg;
3383;Кольца кальмара;Закуски;50;RUB;True;https://bushido66.ru/catalog/zakuski/3383/;https://bushido66.ru/upload/resize_cache/iblock/94d/450_450_0/vdp3530k2xd1euxhmok46c81xjj0bkt2.jpg;
538;Креветки Васаби;Закуски;50;RUB;True;https://bushido66.ru/catalog/zakuski/538/;https://bushido66.ru/upload/resize_cache/iblock/247/450_450_0/nrjlbjur3noo0bnvy5prdlo1acuaz491.jpg;
399;Кутаб с говяжьим фаршем;Закуски;50;RUB;True;https://bushido66.ru/catalog/zakuski/399/;https://bushido66.ru/upload/resize_cache/iblock/3fa/450_450_0/29cawxc95d45icxknwv59hq93l1c6gnl.jpg;
400;Кутаб с зеленью;Закуски;50;RUB;True;https://bushido66.ru/catalog/zakuski/400/;https://bushido66.ru/upload/resize_cache/iblock/03c/450_450_0/o8wkmu251e3zjevtbrab0vck7hfv2t2f.jpg;
401;Кутаб с сыром;Закуски;50;RUB;True;https://bushido66.ru/catalog/zakuski/401/;https://bushido66.ru/upload/resize_cache/iblock/6df/450_450_0/cexvvp311q7utnq84pubdf1t83s72f1w.jpg;
224;Луковые кольца в пивной панировке;Закуски;50;RUB;True;https://bushido66.ru/catalog/zakuski/224/;https://bushido66.ru/upload/resize_cache/iblock/adb/450_450_0/rwr7qmeae12c7f913z9h6wgcb1kjmkds.jpg;
279;Магуро татаки;Закуски;50;RUB;True;https://bushido66.ru/catalog/zakuski/279/;https://bushido66.ru/upload/resize_cache/iblock/d8a/450_450_0/q4f4v13vwl0uo7hfoqee88e8hd15au76.jpg;
454;Овощное ассорти;Закуски;50;RUB;True;https://bushido66.ru/catalog/zakuski/454/;https://bushido66.ru/upload/resize_cache/iblock/b57/450_450_0/bdqz2cz1ee0urdl1ptu0vcg90itlo5vg.jpeg;
24763;Онигири с копченой курицей и томатом;Закуски;50;RUB;True;https://bushido66.ru/catalog/zakuski/24763/;https://bushido66.ru/upload/resize_cache/iblock/532/450_450_0/20ca6tg3jxwfaers4jseigl592f0p6hk.jpg;
225;Рисовые шарики острые;Закуски;50;RUB;True;https://bushido66.ru/catalog/zakuski/225/;https://bushido66.ru/upload/resize_cache/iblock/2ad/450_450_0/jo6g6adovwqjchgpycuadatiio15ybji.jpg;
403;Рисовые шарики с курицей;Закуски;50;RUB;True;https://bushido66.ru/catalog/zakuski/403/;https://bushido66.ru/upload/resize_cache/iblock/8e0/450_450_0/skoklqauw5j2ieutac1fj8gtdr45zmsk.jpg;
433;Тар-тар из лосося;Закуски;50;RUB;True;https://bushido66.ru/catalog/zakuski/433/;https://bushido66.ru/upload/resize_cache/iblock/74e/450_450_0/e8ce0rlshk715i4ot68th2u3u1x80dmk.jpg;
458;Тар-тар из тунца;Закуски;50;RUB;True;https://bushido66.ru/catalog/zakuski/458/;https://bushido66.ru/upload/resize_cache/iblock/424/450_450_0/9u13hqittric5kzxmxhwh3hpwscuyryo.jpg;
3385;Фруктовое ассорти;Закуски;50;RUB;True;https://bushido66.ru/catalog/zakuski/3385/;https://bushido66.ru/upload/resize_cache/iblock/4b0/450_450_0/msz0wlca7v4ixnflaob1n96bxf9wkob1.jpeg;
447;Хачапури по-аджарски;Закуски;50;RUB;True;https://bushido66.ru/catalog/zakuski/447/;https://bushido66.ru/upload/resize_cache/iblock/e20/450_450_0/gi7un66ssnbsxx2rkesx7nhvnr7mzjnv.jpg;
233;Айта гютан;Салаты;50;RUB;True;https://bushido66.ru/catalog/salads/233/;https://bushido66.ru/upload/resize_cache/iblock/d83/450_450_0/dprp8sxlkxrtfreu47483law3n22wdsl.jpg;
491;Греческий;Салаты;50;RUB;True;https://bushido66.ru/catalog/salads/491/;https://bushido66.ru/upload/resize_cache/iblock/0fc/450_450_0/x11gt2s76yxh1got324noe7dolvubd9g.jpg;
483;Гютан сарада;Салаты;50;RUB;True;https://bushido66.ru/catalog/salads/483/;https://bushido66.ru/upload/resize_cache/iblock/c1e/450_450_0/p70vsa3om04ws8agurrahe1kl3474rx4.jpg;
3388;Ика караи сарада;Салаты;50;RUB;True;https://bushido66.ru/catalog/salads/3388/;https://bushido66.ru/upload/resize_cache/iblock/088/450_450_0/9xred05ykpnxevdoxx4h5vv1fqz0tdo2.jpg;
254;Кунсэй сарада;Салаты;50;RUB;True;https://bushido66.ru/catalog/salads/254/;https://bushido66.ru/upload/resize_cache/iblock/e42/450_450_0/pzv61926zqkz1x8s6itkuqrwayakv1hl.jpg;
281;Салат Эби авокадо;Салаты;50;RUB;True;https://bushido66.ru/catalog/salads/281/;https://bushido66.ru/upload/resize_cache/iblock/a30/450_450_0/pwu9o4f12i0mntxpk1h9v9s16yi4di0d.jpg;
3387;Салат легкий с апельсином;Салаты;50;RUB;True;https://bushido66.ru/catalog/salads/3387/;https://bushido66.ru/upload/resize_cache/iblock/2b9/450_450_0/61ix9xzbw3tk2le4z1t923tgvj3ij5ig.jpg;
22902;Салат с беби осьминогом;Салаты;50;RUB;True;https://bushido66.ru/catalog/salads/22902/;https://bushido66.ru/upload/resize_cache/iblock/507/450_450_0/13flyhjbific3kh1ok614f4t2zz5er2m.jpg;
22903;Салат с ростбифом;Салаты;50;RUB;True;https://bushido66.ru/catalog/salads/22903/;https://bushido66.ru/upload/resize_cache/iblock/a7e/450_450_0/2wvq5n0ixqr9hpu6yjoalujvtzt0tdjv.png;
3391;Теплый овощной салат;Салаты;50;RUB;True;https://bushido66.ru/catalog/salads/3391/;https://bushido66.ru/upload/resize_cache/iblock/95d/450_450_0/l2v1nzoqo3623pwmj7bgujoeba3vqtsh.jpeg;
3390;Теплый салат с креветками;Салаты;50;RUB;True;https://bushido66.ru/catalog/salads/3390/;https://bushido66.ru/upload/resize_cache/iblock/247/450_450_0/z5479lvy94ut001a52gv74c87trxk74i.jpg;
3389;Теплый салат с курицей и овощами;Салаты;50;RUB;True;https://bushido66.ru/catalog/salads/3389/;https://bushido66.ru/upload/resize_cache/iblock/72f/450_450_0/j6xvwa9e1qq32s7l1lz6m95h61t12x2u.jpg;
230;Хияши вакамэ;Салаты;50;RUB;True;https://bushido66.ru/catalog/salads/230/;https://bushido66.ru/upload/resize_cache/iblock/e07/450_450_0/gb5wey8m7bwi2e0e4u9v1kcr0k5eodw1.jpg;
282;Цезарь с креветками;Салаты;50;RUB;True;https://bushido66.ru/catalog/salads/282/;https://bushido66.ru/upload/resize_cache/iblock/1a6/450_450_0/koehlujw1il0vojfkjq2gnzhmy0e506s.jpg;
250;Цезарь с курицей;Салаты;50;RUB;True;https://bushido66.ru/catalog/salads/250/;https://bushido66.ru/upload/resize_cache/iblock/1a6/450_450_0/koehlujw1il0vojfkjq2gnzhmy0e506s.jpg;
484;Цезарь с лососем;Салаты;50;RUB;True;https://bushido66.ru/catalog/salads/484/;https://bushido66.ru/upload/resize_cache/iblock/1a6/450_450_0/koehlujw1il0vojfkjq2gnzhmy0e506s.jpg;
3394;Бефстроганов по-японски;Горячие блюда;50;RUB;True;https://bushido66.ru/catalog/main-courses/3394/;https://bushido66.ru/upload/resize_cache/iblock/b8d/450_450_0/3q7pjwrbh4oswlrw287tzz47bous72ps.jpg;
22908;Бифштекс с малиновым соусом;Горячие блюда;50;RUB;True;https://bushido66.ru/catalog/main-courses/22908/;https://bushido66.ru/upload/resize_cache/iblock/be6/450_450_0/3tqcuvxvn4n2rs197fswqbq60e8go8d4.jpg;
245;Бута тяхан;Горячие блюда;50;RUB;True;https://bushido66.ru/catalog/main-courses/245/;https://bushido66.ru/upload/resize_cache/iblock/d64/450_450_0/uxb41xhbx5wzkggefp037qbg2nznlcuw.jpg;
3395;Говяжья вырезка в пряном маринаде;Горячие блюда;50;RUB;True;https://bushido66.ru/catalog/main-courses/3395/;https://bushido66.ru/upload/resize_cache/iblock/5a3/450_450_0/xr4k7ut15kg2pdy4yml2buayc9e8wkhh.jpg;
237;Гюнику ясай;Горячие блюда;50;RUB;True;https://bushido66.ru/catalog/main-courses/237/;https://bushido66.ru/upload/resize_cache/iblock/56e/450_450_0/krk1ploc0znx5i3oqg0ieyhosd1zk0sf.jpg;
220;Дорадо запеченное с картофелем и томатами;Горячие блюда;50;RUB;True;https://bushido66.ru/catalog/main-courses/220/;https://bushido66.ru/upload/resize_cache/iblock/ee3/450_450_0/y4f5ms6sysqt2zaqb41uzome85tuwu8u.jpg;
23411;Запеченные мидии с красной икрой;Горячие блюда;50;RUB;True;https://bushido66.ru/catalog/main-courses/23411/;https://bushido66.ru/bitrix/templates/food_s1/images/picture.missing.png;
22910;Креветки в тесте катаифи;Горячие блюда;50;RUB;True;https://bushido66.ru/catalog/main-courses/22910/;https://bushido66.ru/upload/resize_cache/iblock/98e/450_450_0/ls6oagkho0ppqksrmq0s238h56lzq3b5.jpg;
3398;Мидии в икорно-сливочном соусе;Горячие блюда;50;RUB;True;https://bushido66.ru/catalog/main-courses/3398/;https://bushido66.ru/upload/resize_cache/iblock/59e/450_450_0/28ef70tk418bgw2vv1g2cfuor9go1uu1.jpg;
3397;Мидии в соусе Том Ям;Горячие блюда;50;RUB;True;https://bushido66.ru/catalog/main-courses/3397/;https://bushido66.ru/upload/resize_cache/iblock/95e/450_450_0/51h5yvw0q10d5fjs4xyxq15omlr97zma.jpg;
499;Паста Карбонара;Горячие блюда;50;RUB;True;https://bushido66.ru/catalog/main-courses/499/;https://bushido66.ru/upload/resize_cache/iblock/f3d/450_450_0/hoy14ktbn7ovk99v4t7tf6q0sclpkhfe.jpg;
418;Паста с курицей и грибами;Горячие блюда;50;RUB;True;https://bushido66.ru/catalog/main-courses/418/;https://bushido66.ru/upload/resize_cache/iblock/b50/450_450_0/29zhqpxjqnkf30yn0kb2pug2r8tb3lcs.jpg;
479;Паста с лососем;Горячие блюда;50;RUB;True;https://bushido66.ru/catalog/main-courses/479/;https://bushido66.ru/upload/resize_cache/iblock/ea6/450_450_0/c2np9lgdjpshfrcqw933y83cv5xxkz6z.jpg;
22911;Паста спагетти с морепродуктами;Горячие блюда;50;RUB;True;https://bushido66.ru/catalog/main-courses/22911/;https://bushido66.ru/upload/resize_cache/iblock/c12/450_450_0/sb5ruf524cse4nlust0zkzqecol1bus2.jpg;
3399;Паста фетучини с морепродуктами;Горячие блюда;50;RUB;True;https://bushido66.ru/catalog/main-courses/3399/;https://bushido66.ru/upload/resize_cache/iblock/c3b/450_450_0/fda5avddavfuavdcia8tsmi9xewnvt4o.jpg;
219;Перепела запеченные с молодым картофелем;Горячие блюда;50;RUB;True;https://bushido66.ru/catalog/main-courses/219/;https://bushido66.ru/upload/resize_cache/iblock/73d/450_450_0/316nslgz5mz1n2qaj23djrco67osgji0.jpg;
217;Свиная корейка;Горячие блюда;50;RUB;True;https://bushido66.ru/catalog/main-courses/217/;https://bushido66.ru/upload/resize_cache/iblock/823/450_450_0/xarqw9y8s0eg7wpldzlczooy4ms4xkwf.jpg;
274;Свинина в соусе Терияки;Горячие блюда;50;RUB;True;https://bushido66.ru/catalog/main-courses/274/;https://bushido66.ru/upload/resize_cache/iblock/511/450_450_0/rqrdywsopll25iipv7fgcuod65bjk7pl.jpg;
22907;Свиные ребра с битым огурцом;Горячие блюда;50;RUB;True;https://bushido66.ru/catalog/main-courses/22907/;https://bushido66.ru/upload/resize_cache/iblock/7ed/450_450_0/t1dw9rix1chrlanr0g33t9oh5o0aklis.jpg;
22909;Стейк из лосося с авокадо;Горячие блюда;50;RUB;True;https://bushido66.ru/catalog/main-courses/22909/;https://bushido66.ru/bitrix/templates/food_s1/images/picture.missing.png;
397;Стейк из лосося с цукини;Горячие блюда;50;RUB;True;https://bushido66.ru/catalog/main-courses/397/;https://bushido66.ru/upload/resize_cache/iblock/133/450_450_0/6ryzpmjv4w44g8h2s9t1var81a5vuq0v.jpg;
23410;Судак с креветочным соусом и овощами;Горячие блюда;50;RUB;True;https://bushido66.ru/catalog/main-courses/23410/;https://bushido66.ru/upload/resize_cache/iblock/d87/450_450_0/auxnwhh5139qhoyfloxbcg13rbemmei3.jpg;
494;Сякэ кабото;Горячие блюда;50;RUB;True;https://bushido66.ru/catalog/main-courses/494/;https://bushido66.ru/upload/resize_cache/iblock/c34/450_450_0/9hbtacgcm910sqfvo2cln3ogq5c44tse.jpg;
287;Тори кохаку;Горячие блюда;50;RUB;True;https://bushido66.ru/catalog/main-courses/287/;https://bushido66.ru/upload/resize_cache/iblock/6c7/450_450_0/b3d2euzey64ul63s1bjtwn7ldzgw4ji0.jpg;
242;Тяхан сифудо;Горячие блюда;50;RUB;True;https://bushido66.ru/catalog/main-courses/242/;https://bushido66.ru/upload/resize_cache/iblock/f95/450_450_0/wucoe0ohg9lm6tofu74e2vmjll9c9h85.jpg;
23409;Утка по-пекински;Горячие блюда;50;RUB;True;https://bushido66.ru/catalog/main-courses/23409/;https://bushido66.ru/upload/resize_cache/iblock/f24/450_450_0/v2z72zwwxgqpi20hghwoi5wlfmqh2t9b.jpg;
3396;Филе миньон в перечном соусе;Горячие блюда;50;RUB;True;https://bushido66.ru/catalog/main-courses/3396/;https://bushido66.ru/upload/resize_cache/iblock/78c/450_450_0/h6tv9l9iexb6potjzd8xvmm20llv16bn.jpg;
3392;Цыпленок по китайски;Горячие блюда;50;RUB;True;https://bushido66.ru/catalog/main-courses/3392/;https://bushido66.ru/upload/resize_cache/iblock/595/450_450_0/26a9a7hkysptupbgav1sb17r9a993yr3.jpg;
284;Эби темпура;Горячие блюда;50;RUB;True;https://bushido66.ru/catalog/main-courses/284/;https://bushido66.ru/upload/resize_cache/iblock/04f/450_450_0/syqaune816f00zpcpafbyi3q7jmcpfzm.jpg;
235;Яки соба;Горячие блюда;50;RUB;True;https://bushido66.ru/catalog/main-courses/235/;https://bushido66.ru/upload/resize_cache/iblock/d8a/450_450_0/mkdszc320mupg7789ujr2h19qe5z3la6.jpg;
288;Шашлычек из говядины;Шашлычки;50;RUB;True;https://bushido66.ru/catalog/shashlychki/288/;https://bushido66.ru/upload/resize_cache/iblock/ee1/450_450_0/d8ah1cdv7w0vja3dkifoo3umtxuahjyf.jpg;
293;Шашлычек из креветки;Шашлычки;50;RUB;True;https://bushido66.ru/catalog/shashlychki/293/;https://bushido66.ru/upload/resize_cache/iblock/169/450_450_0/twgq2xu2izkk4qkrb1ro7ff2642s8jmm.jpg;
289;Шашлычек из кукурузы;Шашлычки;50;RUB;True;https://bushido66.ru/catalog/shashlychki/289/;https://bushido66.ru/upload/resize_cache/iblock/78b/450_450_0/at3h3by3gfqhozyc5d08pv1oche0urfq.jpg;
290;Шашлычек из курицы;Шашлычки;50;RUB;True;https://bushido66.ru/catalog/shashlychki/290/;https://bushido66.ru/upload/resize_cache/iblock/64f/450_450_0/at943jazw5j1m12ktmfx97s9d7xljr45.jpg;
291;Шашлычек из лосося;Шашлычки;50;RUB;True;https://bushido66.ru/catalog/shashlychki/291/;https://bushido66.ru/upload/resize_cache/iblock/cb0/450_450_0/f8wzyhxvx9tx96gcrhxnd6qjbx2749bx.jpg;
292;Шашлычек из свинины;Шашлычки;50;RUB;True;https://bushido66.ru/catalog/shashlychki/292/;https://bushido66.ru/upload/resize_cache/iblock/239/450_450_0/26wv7hclfrjm6j3wjnk2j5sob2pit1r7.jpg;
3400;Батат фри;Гарниры;50;RUB;True;https://bushido66.ru/catalog/garniry/3400/;https://bushido66.ru/upload/resize_cache/iblock/b3d/450_450_0/8jiz9pclm2o4cqh2lakkv58qefgk78a9.jpg;
229;Весенние овощи;Гарниры;50;RUB;True;https://bushido66.ru/catalog/garniry/229/;https://bushido66.ru/upload/resize_cache/iblock/703/450_450_0/ncne0ni1jcue5kemhw1mkcobm3qe39hk.jpg;
267;Гохан;Гарниры;50;RUB;True;https://bushido66.ru/catalog/garniry/267/;https://bushido66.ru/upload/resize_cache/iblock/bdf/450_450_0/xy97x72ynbk06ygbt3gzxc8xzp46h43q.jpg;
228;Запеченые овощи;Гарниры;50;RUB;True;https://bushido66.ru/catalog/garniry/228/;https://bushido66.ru/upload/resize_cache/iblock/b17/450_450_0/fsie042dxrjax8e9ltipqjf6i2v3l9w9.jpg;
465;Картофель с грибами в сливочном соусе;Гарниры;50;RUB;True;https://bushido66.ru/catalog/garniry/465/;https://bushido66.ru/upload/resize_cache/iblock/464/450_450_0/fghy4w239ssycx3v20faann93e0boijw.jpg;
269;Картофель фри;Гарниры;50;RUB;True;https://bushido66.ru/catalog/garniry/269/;https://bushido66.ru/upload/resize_cache/iblock/a61/450_450_0/sipnnhiuyu55uamcd0e4w8xo2lia0mf9.jpg;
425;Соба;Гарниры;50;RUB;True;https://bushido66.ru/catalog/garniry/425/;https://bushido66.ru/upload/resize_cache/iblock/fa5/450_450_0/0hn9qjfwkm79g2jimce9ajv8p2tkzfmj.jpg;
270;Спаржа в сливочном соусе;Гарниры;50;RUB;True;https://bushido66.ru/catalog/garniry/270/;https://bushido66.ru/upload/resize_cache/iblock/5c8/450_450_0/1g6vibzyz4p3wv32x316gyn0e6v872wk.jpg;
272;Удон;Гарниры;50;RUB;True;https://bushido66.ru/catalog/garniry/272/;https://bushido66.ru/upload/resize_cache/iblock/df2/450_450_0/pdumrztwz3r8sq1izz850agvwatd0vu6.jpg;
227;Соус Горчичный;Соусы;50;RUB;True;https://bushido66.ru/catalog/sauces/227/;https://bushido66.ru/upload/resize_cache/iblock/fb8/450_450_0/nyn8b2abkb0oepw7m333eseopjl23707.jpg;
408;Соус Ореховый;Соусы;50;RUB;True;https://bushido66.ru/catalog/sauces/408/;https://bushido66.ru/upload/resize_cache/iblock/7ba/450_450_0/vngodzrvp8k8h5txeu8k0fi8qstl44m3.jpg;
2724;Соус Соевый;Соусы;50;RUB;True;https://bushido66.ru/catalog/sauces/2724/;https://bushido66.ru/upload/resize_cache/iblock/337/450_450_0/07g3h8tktn8pygba3bewhik2wvo8mya2.webp;
409;Соус Спайси;Соусы;50;RUB;True;https://bushido66.ru/catalog/sauces/409/;https://bushido66.ru/upload/resize_cache/iblock/e5a/450_450_0/tmeqabtgms7mbg154kg7wd7f87vaktvk.jpg;
2728;Соус Сырный;Соусы;50;RUB;True;https://bushido66.ru/catalog/sauces/2728/;https://bushido66.ru/upload/resize_cache/iblock/a1f/450_450_0/conqzmr09f7sz4csri68x4tsz6ln0g36.png;
410;Соус Терияки;Соусы;50;RUB;True;https://bushido66.ru/catalog/sauces/410/;https://bushido66.ru/upload/resize_cache/iblock/687/450_450_0/znsz3wdib2vafhq0avg185gtyh5rr27x.jpg;
411;Соус Томатный;Соусы;50;RUB;True;https://bushido66.ru/catalog/sauces/411/;https://bushido66.ru/upload/resize_cache/iblock/bd9/450_450_0/0frgwz1e1k3u60tuc51j33mzq3424sp4.jpg;
412;Соус Тонкацу;Соусы;50;RUB;True;https://bushido66.ru/catalog/sauces/412/;https://bushido66.ru/upload/resize_cache/iblock/30b/450_450_0/h9a38tw7fjc14jidsln4wcyf4f2sd6k5.jpg;
2727;Соус свит чили;Соусы;50;RUB;True;https://bushido66.ru/catalog/sauces/2727/;https://bushido66.ru/upload/resize_cache/iblock/02b/450_450_0/t125bn3jro40jvgojixto0mzu0r8f8gv.jpg;
435;Брусничный кремовый пирог с белым шоколадом;Десерты;50;RUB;True;https://bushido66.ru/catalog/dessert/435/;https://bushido66.ru/upload/resize_cache/iblock/992/450_450_0/fxfx5tcd40dkgbk9q0gcbg2lwhb6zmck.jpg;
3404;Гринч ролл;Десерты;50;RUB;True;https://bushido66.ru/catalog/dessert/3404/;https://bushido66.ru/upload/resize_cache/iblock/f5d/450_450_0/z5iumfbjwowlx4v8zzzjt104mifnsfkf.jpg;
29252;Печенье Кукис Шоколадное с арахисом соленой карамелью;Десерты;50;RUB;True;https://bushido66.ru/catalog/dessert/29252/;https://bushido66.ru/upload/resize_cache/iblock/e3d/450_450_0/alqe8a5mmqegln8176uvos7vq2ljuawz.jpg;
29250;Печенье Кукис молочный темный шоколад;Десерты;50;RUB;True;https://bushido66.ru/catalog/dessert/29250/;https://bushido66.ru/upload/resize_cache/iblock/5b9/450_450_0/f99hi0i1y4ww4r2fbn0c7hzw9k40udo3.jpg;
29249;Печенье Кукис шоколадное молочный белый шоколад;Десерты;50;RUB;True;https://bushido66.ru/catalog/dessert/29249/;https://bushido66.ru/upload/resize_cache/iblock/5f7/450_450_0/ilixy72gih0zph71dwxf4hw4g7u7w510.jpg;
325;Ролл Манила;Десерты;50;RUB;True;https://bushido66.ru/catalog/dessert/325/;https://bushido66.ru/upload/resize_cache/iblock/172/450_450_0/cld67izb9zdi2c1qfbvvvmvkwl8teeea.jpg;
327;Ролл Фруктовый;Десерты;50;RUB;True;https://bushido66.ru/catalog/dessert/327/;https://bushido66.ru/upload/resize_cache/iblock/4de/450_450_0/y7q7i2i8lewo1g9475097zpr04htbu1u.jpg;
398;Торт Медовый;Десерты;50;RUB;True;https://bushido66.ru/catalog/dessert/398/;https://bushido66.ru/upload/resize_cache/iblock/b6c/450_450_0/ayc6yr9fl1ji1799ym49tp5yior8cctj.jpg;
221;Чизкейк Клубничный;Десерты;50;RUB;True;https://bushido66.ru/catalog/dessert/221/;https://bushido66.ru/upload/resize_cache/iblock/3b8/450_450_0/5ninkqy4683nl3zmbdcy7fqu36yd6zni.jpg;
222;Чизкейк Нью-Йорк;Десерты;50;RUB;True;https://bushido66.ru/catalog/dessert/222/;https://bushido66.ru/upload/resize_cache/iblock/a4a/450_450_0/3klxc5vzp6ub0vrl1ko6zzint80zp9fj.jpg;
223;Чизкейк Шоколадный;Десерты;50;RUB;True;https://bushido66.ru/catalog/dessert/223/;https://bushido66.ru/upload/resize_cache/iblock/e0c/450_450_0/g143icb862x0ebrihdap1inb1oik3v8u.jpg;
518;Эклер Дубайский;Десерты;50;RUB;True;https://bushido66.ru/catalog/dessert/518/;https://bushido66.ru/upload/resize_cache/iblock/f9b/450_450_0/729fj9c5593k89sx7dvbqjinmdzj4wpf.jpg;
24761;Эклер Манго Маракуйа;Десерты;50;RUB;True;https://bushido66.ru/catalog/dessert/24761/;https://bushido66.ru/upload/iblock/0d2/mj2mhtp7w6shwwq5etqfr00al913yh6x.jpg;
24752;Эклер Наполеон;Десерты;50;RUB;True;https://bushido66.ru/catalog/dessert/24752/;https://bushido66.ru/upload/resize_cache/iblock/6bd/450_450_0/nfg0t3pe1swyceqlk73a13dkrb8sl7le.png;
24754;Эклер Сникерс;Десерты;50;RUB;True;https://bushido66.ru/catalog/dessert/24754/;https://bushido66.ru/upload/resize_cache/iblock/9bf/450_450_0/i1u098dqim3ihr1g43t8y26mam3amdm1.jpg;
24753;Эклер Тирамису;Десерты;50;RUB;True;https://bushido66.ru/catalog/dessert/24753/;https://bushido66.ru/upload/resize_cache/iblock/b44/450_450_0/q8ykh117du510f4p5umypf78142lfp9q.jpg;
482;Вода Бон Аква газированная;Напитки;50;RUB;True;https://bushido66.ru/catalog/beverages/482/;https://bushido66.ru/upload/resize_cache/iblock/371/450_450_0/atgiijqlc01jgavemm9h9rhk2ksnhoki.jpg;
496;Вода Бон Аква негазированная;Напитки;50;RUB;True;https://bushido66.ru/catalog/beverages/496/;https://bushido66.ru/upload/resize_cache/iblock/265/450_450_0/im96ljsro016hj6trhk7qt5arbtxqebv.jpg;
480;Газированная вода Добрый Кола;Напитки;50;RUB;True;https://bushido66.ru/catalog/beverages/480/;https://bushido66.ru/upload/resize_cache/iblock/5e8/450_450_0/j48ucp1ume4vdogpmfa6kpcpa1khr8t1.jpg;
481;Газированная вода Добрый Лимон;Напитки;50;RUB;True;https://bushido66.ru/catalog/beverages/481/;https://bushido66.ru/upload/resize_cache/iblock/9a8/450_450_0/jhuhg7iz1dhmki83jisikz8z7v9pgxn8.jpg;
468;Минеральная вода Боржоми;Напитки;50;RUB;True;https://bushido66.ru/catalog/beverages/468/;https://bushido66.ru/upload/resize_cache/iblock/606/450_450_0/6qzdb2ozk9kvn7os16gtxiwbzg6zwmy3.jpeg;
516;Морс клюквенный;Напитки;50;RUB;True;https://bushido66.ru/catalog/beverages/516/;https://bushido66.ru/upload/resize_cache/iblock/2e7/450_450_0/1ofqhob2lo9rr14k4lphyo3bsfxe0jm5.jpg;
469;Сок ананасовый;Напитки;50;RUB;True;https://bushido66.ru/catalog/beverages/469/;https://bushido66.ru/upload/resize_cache/iblock/5de/450_450_0/4xc08nnt2k4mmo0rzypyqu3tz8uxuovf.jpg;
470;Сок апельсиновый;Напитки;50;RUB;True;https://bushido66.ru/catalog/beverages/470/;https://bushido66.ru/upload/resize_cache/iblock/e8d/450_450_0/veuz1emmhivtcoarfsolbx86qdzcml8c.jpg;
471;Сок вишневый;Напитки;50;RUB;True;https://bushido66.ru/catalog/beverages/471/;https://bushido66.ru/upload/resize_cache/iblock/b5b/450_450_0/np7a3a3m6ajnn206rrevuonafph5rdf2.jpg;
472;Сок грейпфрутовый;Напитки;50;RUB;True;https://bushido66.ru/catalog/beverages/472/;https://bushido66.ru/upload/resize_cache/iblock/2bb/450_450_0/la02igi3a9h6p8j26tvop6hmu1cn9rsc.jpg;
473;Сок мультифруктовый;Напитки;50;RUB;True;https://bushido66.ru/catalog/beverages/473/;https://bushido66.ru/upload/resize_cache/iblock/252/450_450_0/g9fxlfta4hskjwworg05c26pwe835xmh.jpg;
474;Сок персиковый;Напитки;50;RUB;True;https://bushido66.ru/catalog/beverages/474/;https://bushido66.ru/upload/resize_cache/iblock/fe5/450_450_0/b3xju5wsxm99nz4tf2ztx8r7srnot1wq.jpg;
475;Сок томатный;Напитки;50;RUB;True;https://bushido66.ru/catalog/beverages/475/;https://bushido66.ru/upload/resize_cache/iblock/c11/450_450_0/7e0xvk7mqxb126c3epqv4vmzk83ygzky.jpg;
476;Сок яблочный;Напитки;50;RUB;True;https://bushido66.ru/catalog/beverages/476/;https://bushido66.ru/upload/resize_cache/iblock/c43/450_450_0/19jj2n6fbqytnqj30h6t0w9940nbaows.jpg;
477;Энергетический напиток Адреналин раш;Напитки;50;RUB;True;https://bushido66.ru/catalog/beverages/477/;https://bushido66.ru/upload/resize_cache/iblock/5c8/450_450_0/gcal73afi0u9nmbptmkla2d0enb5y44d.jpg;
478;Энергетический напиток Берн;Напитки;50;RUB;True;https://bushido66.ru/catalog/beverages/478/;https://bushido66.ru/upload/resize_cache/iblock/fff/450_450_0/2sfsi1tc9slajrkgfjv5z820dq4jzz1y.jpg;
